Acc_X	Acc_Y	Acc_Z	Mag_X	Mag_Y	Mag_Z	fall
9.602355957031250000	0.918579101562500000	-1.834106445312500000	-0.587646484375000000	-0.764404296875000000	0.687988281250000000	false
9.616756439208984375	0.832915306091308594	-1.792097091674804688	-0.587402343750000000	-0.766601562500000000	0.691162109375000000	false
9.600830078125000000	0.871276855468750000	-1.817321777343750000	-0.587402343750000000	-0.766845703125000000	0.685546875000000000	false
9.606409072875976562	0.863575935363769531	-1.817679405212402344	-0.587402343750000000	-0.766601562500000000	0.688232421875000000	false
9.597778320312500000	0.915527343750000000	-1.780700683593750000	-0.584716796875000000	-0.766845703125000000	0.687988281250000000	false
9.603571891784667969	0.839734077453613281	-1.765060424804687500	-0.587402343750000000	-0.766601562500000000	0.691162109375000000	false
9.585571289062500000	0.866699218750000000	-1.785278320312500000	-0.584716796875000000	-0.764404296875000000	0.685058593750000000	false
9.609699249267578125	0.859498977661132812	-1.842617988586425781	-0.590332031250000000	-0.764404296875000000	0.690917968750000000	false
9.596252441406250000	0.885009765625000000	-1.820373535156250000	-0.587646484375000000	-0.764404296875000000	0.687988281250000000	false
9.613060951232910156	0.866293907165527344	-1.879572868347167969	-0.587646484375000000	-0.764404296875000000	0.690917968750000000	false
9.588623046875000000	0.833129882812500000	-1.843261718750000000	-0.584960937500000000	-0.764404296875000000	0.696289062500000000	false
9.594941139221191406	0.845980644226074219	-1.819324493408203125	-0.590332031250000000	-0.764404296875000000	0.690917968750000000	false
9.614562988281250000	0.849914550781250000	-1.831054687500000000	-0.590332031250000000	-0.761962890625000000	0.693603515625000000	false
9.605741500854492188	0.832533836364746094	-1.858782768249511719	-0.590332031250000000	-0.759765625000000000	0.687744140625000000	false
9.616088867187500000	0.770568847656250000	-1.820373535156250000	-0.590576171875000000	-0.761962890625000000	0.696289062500000000	false
9.620165824890136719	0.849032402038574219	-1.780700683593750000	-0.590332031250000000	-0.761962890625000000	0.690673828125000000	false
9.594726562500000000	0.825500488281250000	-1.818847656250000000	-0.587646484375000000	-0.761962890625000000	0.693359375000000000	false
9.615063667297363281	0.779151916503906250	-1.802659034729003906	-0.593017578125000000	-0.761962890625000000	0.696533203125000000	false
9.625244140625000000	0.778198242187500000	-1.800537109375000000	-0.590576171875000000	-0.759521484375000000	0.693359375000000000	false
9.609961509704589844	0.824809074401855469	-1.845645904541015625	-0.590576171875000000	-0.757324218750000000	0.693115234375000000	false
9.614562988281250000	0.769042968750000000	-1.779174804687500000	-0.590576171875000000	-0.759521484375000000	0.696044921875000000	false
9.631466865539550781	0.790762901306152344	-1.823067665100097656	-0.590576171875000000	-0.759521484375000000	0.693359375000000000	false
9.613037109375000000	0.834655761718750000	-1.811218261718750000	-0.590576171875000000	-0.759521484375000000	0.696044921875000000	false
9.625411033630371094	0.771427154541015625	-1.812458038330078125	-0.590820312500000000	-0.757324218750000000	0.698730468750000000	false
9.605407714843750000	0.810241699218750000	-1.823425292968750000	-0.595947265625000000	-0.757080078125000000	0.698974609375000000	false
9.609508514404296875	0.771236419677734375	-1.822280883789062500	-0.590576171875000000	-0.757324218750000000	0.693115234375000000	false
9.619140625000000000	0.743103027343750000	-1.802062988281250000	-0.590576171875000000	-0.757324218750000000	0.690429687500000000	false
9.618616104125976562	0.844502449035644531	-1.796889305114746094	-0.593505859375000000	-0.754882812500000000	0.695800781250000000	false
9.613037109375000000	0.810241699218750000	-1.782226562500000000	-0.590576171875000000	-0.759521484375000000	0.698974609375000000	false
9.610891342163085938	0.813484191894531250	-1.782441139221191406	-0.590576171875000000	-0.759521484375000000	0.698974609375000000	false
9.609985351562500000	0.843811035156250000	-1.843261718750000000	-0.590576171875000000	-0.759521484375000000	0.698974609375000000	false
9.589147567749023438	0.815773010253906250	-1.817584037780761719	-0.590576171875000000	-0.759521484375000000	0.696044921875000000	false
9.620666503906250000	0.822448730468750000	-1.814270019531250000	-0.587890625000000000	-0.759765625000000000	0.696044921875000000	false
9.604310989379882812	0.843572616577148438	-1.802539825439453125	-0.590576171875000000	-0.759521484375000000	0.693359375000000000	false
9.606933593750000000	0.819396972656250000	-1.824951171875000000	-0.590576171875000000	-0.757324218750000000	0.693115234375000000	false
9.597039222717285156	0.798845291137695312	-1.789402961730957031	-0.587890625000000000	-0.757324218750000000	0.693115234375000000	false
9.629821777343750000	0.854492187500000000	-1.887512207031250000	-0.590820312500000000	-0.759521484375000000	0.701660156250000000	false
9.611797332763671875	0.824451446533203125	-1.805257797241210938	-0.587890625000000000	-0.757324218750000000	0.693115234375000000	false
9.597778320312500000	0.831604003906250000	-1.910400390625000000	-0.587890625000000000	-0.757324218750000000	0.693115234375000000	false
9.600973129272460938	0.822091102600097656	-1.837587356567382812	-0.587890625000000000	-0.759521484375000000	0.698730468750000000	false
9.603881835937500000	0.846862792968750000	-1.882934570312500000	-0.587890625000000000	-0.759521484375000000	0.698730468750000000	false
9.600186347961425781	0.809931755065917969	-1.852631568908691406	-0.585449218750000000	-0.757324218750000000	0.701171875000000000	false
9.608459472656250000	0.813293457031250000	-1.881408691406250000	-0.588134765625000000	-0.757324218750000000	0.701416015625000000	false
9.598135948181152344	0.853705406188964844	-1.852011680603027344	-0.590820312500000000	-0.757324218750000000	0.701416015625000000	false
9.605407714843750000	0.828552246093750000	-1.847839355468750000	-0.588134765625000000	-0.759521484375000000	0.701660156250000000	false
9.615564346313476562	0.863194465637207031	-1.835465431213378906	-0.585449218750000000	-0.759765625000000000	0.698730468750000000	false
9.613037109375000000	0.849914550781250000	-1.856994628906250000	-0.588134765625000000	-0.757324218750000000	0.698486328125000000	false
9.617352485656738281	0.833845138549804688	-1.863098144531250000	-0.587890625000000000	-0.759521484375000000	0.698730468750000000	false
9.603881835937500000	0.819396972656250000	-1.850891113281250000	-0.585449218750000000	-0.759765625000000000	0.698730468750000000	false
9.594297409057617188	0.870656967163085938	-1.863336563110351562	-0.587890625000000000	-0.759765625000000000	0.693115234375000000	false
9.608459472656250000	0.810241699218750000	-1.847839355468750000	-0.585449218750000000	-0.759765625000000000	0.693115234375000000	false
9.596848487854003906	0.828289985656738281	-1.866722106933593750	-0.585449218750000000	-0.759765625000000000	0.693115234375000000	false
9.588623046875000000	0.825500488281250000	-1.882934570312500000	-0.585205078125000000	-0.764404296875000000	0.693603515625000000	false
9.603905677795410156	0.972414016723632812	-1.860404014587402344	-0.582519531250000000	-0.762207031250000000	0.693359375000000000	false
9.597778320312500000	0.933837890625000000	-1.789855957031250000	-0.582275390625000000	-0.766845703125000000	0.693603515625000000	false
9.565114974975585938	0.933122634887695312	-1.840686798095703125	-0.582275390625000000	-0.769287109375000000	0.696777343750000000	false
9.577941894531250000	0.939941406250000000	-1.881408691406250000	-0.582275390625000000	-0.766845703125000000	0.690917968750000000	false
9.595799446105957031	0.994658470153808594	-1.840186119079589844	-0.582275390625000000	-0.766845703125000000	0.690917968750000000	false
9.588623046875000000	0.975036621093750000	-1.826477050781250000	-0.579833984375000000	-0.766845703125000000	0.693603515625000000	false
9.592700004577636719	0.987601280212402344	-1.846909523010253906	-0.582275390625000000	-0.769287109375000000	0.691162109375000000	false
9.597778320312500000	0.938415527343750000	-1.838684082031250000	-0.579833984375000000	-0.766845703125000000	0.693603515625000000	false
9.603881835937500000	0.910949707031250000	-1.821899414062500000	-0.579833984375000000	-0.766845703125000000	0.696289062500000000	false
9.585571289062500000	0.920104980468750000	-1.826477050781250000	-0.582519531250000000	-0.766845703125000000	0.696533203125000000	false
9.592485427856445312	0.933003425598144531	-1.806569099426269531	-0.582519531250000000	-0.766845703125000000	0.696533203125000000	false
9.591674804687500000	0.939941406250000000	-1.838684082031250000	-0.584960937500000000	-0.766845703125000000	0.691162109375000000	false
9.609127044677734375	0.948905944824218750	-1.824665069580078125	-0.584960937500000000	-0.769042968750000000	0.694091796875000000	false
9.591674804687500000	0.927734375000000000	-1.846313476562500000	-0.585205078125000000	-0.764404296875000000	0.696533203125000000	false
9.592843055725097656	0.907397270202636719	-1.814484596252441406	-0.582275390625000000	-0.766845703125000000	0.690917968750000000	false
9.606933593750000000	0.854492187500000000	-1.797485351562500000	-0.587890625000000000	-0.764404296875000000	0.693847656250000000	false
9.617304801940917969	0.885510444641113281	-1.827955245971679688	-0.587646484375000000	-0.764404296875000000	0.690917968750000000	false
9.593200683593750000	0.869750976562500000	-1.818847656250000000	-0.587646484375000000	-0.764404296875000000	0.690917968750000000	false
9.609317779541015625	0.884079933166503906	-1.787948608398437500	-0.587646484375000000	-0.764404296875000000	0.690917968750000000	false
9.596252441406250000	0.856018066406250000	-1.774597167968750000	-0.587646484375000000	-0.764404296875000000	0.690917968750000000	false
9.593200683593750000	0.884532928466796875	-1.764082908630371094	-0.587646484375000000	-0.764404296875000000	0.688232421875000000	false
9.602355957031250000	0.871276855468750000	-1.783752441406250000	-0.587646484375000000	-0.764404296875000000	0.690917968750000000	false
9.608507156372070312	0.846362113952636719	-1.842975616455078125	-0.590332031250000000	-0.764404296875000000	0.688476562500000000	false
9.599304199218750000	0.885009765625000000	-1.777648925781250000	-0.590332031250000000	-0.764404296875000000	0.685546875000000000	false
9.604430198669433594	0.800728797912597656	-1.783561706542968750	-0.590332031250000000	-0.764404296875000000	0.693847656250000000	false
9.588623046875000000	0.885009765625000000	-1.797485351562500000	-0.587646484375000000	-0.764404296875000000	0.690917968750000000	false
9.611392021179199219	0.822067260742187500	-1.806449890136718750	-0.590332031250000000	-0.764404296875000000	0.691162109375000000	false
9.593200683593750000	0.866699218750000000	-1.774597167968750000	-0.590576171875000000	-0.761962890625000000	0.693847656250000000	false
9.610605239868164062	0.833034515380859375	-1.822161674499511719	-0.590332031250000000	-0.764404296875000000	0.693847656250000000	false
9.605407714843750000	0.849914550781250000	-1.762390136718750000	-0.590332031250000000	-0.764404296875000000	0.693847656250000000	false
9.618949890136718750	0.835680961608886719	-1.808452606201171875	-0.590332031250000000	-0.764404296875000000	0.691162109375000000	false
9.617614746093750000	0.846862792968750000	-1.782226562500000000	-0.590087890625000000	-0.764404296875000000	0.682861328125000000	false
9.623456001281738281	0.864768028259277344	-1.792979240417480469	-0.590332031250000000	-0.764404296875000000	0.691162109375000000	false
9.608459472656250000	0.878906250000000000	-1.808166503906250000	-0.590332031250000000	-0.764404296875000000	0.688476562500000000	false
9.606552124023437500	0.941419601440429688	-1.762771606445312500	-0.587646484375000000	-0.764404296875000000	0.688232421875000000	false
9.611511230468750000	0.875854492187500000	-1.737976074218750000	-0.587646484375000000	-0.764404296875000000	0.685302734375000000	false
9.608578681945800781	0.882935523986816406	-1.790165901184082031	-0.587646484375000000	-0.764404296875000000	0.690917968750000000	false
9.602355957031250000	0.856018066406250000	-1.782226562500000000	-0.590087890625000000	-0.766845703125000000	0.688476562500000000	false
9.591102600097656250	0.898456573486328125	-1.785349845886230469	-0.590332031250000000	-0.766601562500000000	0.691406250000000000	false
9.617614746093750000	0.863647460937500000	-1.741027832031250000	-0.587646484375000000	-0.766845703125000000	0.691162109375000000	false
9.601497650146484375	0.962233543395996094	-1.799154281616210938	-0.585205078125000000	-0.764404296875000000	0.693603515625000000	false
9.619140625000000000	0.872802734375000000	-1.786804199218750000	-0.590332031250000000	-0.764404296875000000	0.685546875000000000	false
9.606766700744628906	0.918912887573242188	-1.752448081970214844	-0.587646484375000000	-0.766845703125000000	0.694091796875000000	false
9.619140625000000000	0.900268554687500000	-1.776123046875000000	-0.590332031250000000	-0.764404296875000000	0.691162109375000000	false
9.599971771240234375	0.915217399597167969	-1.774072647094726562	-0.587646484375000000	-0.764404296875000000	0.690917968750000000	false
9.609985351562500000	0.892639160156250000	-1.811218261718750000	-0.587646484375000000	-0.766845703125000000	0.688476562500000000	false
9.604859352111816406	0.917363166809082031	-1.793384552001953125	-0.587646484375000000	-0.764404296875000000	0.685302734375000000	false
9.596252441406250000	0.900268554687500000	-1.824951171875000000	-0.587646484375000000	-0.766845703125000000	0.694091796875000000	false
9.609866142272949219	0.888609886169433594	-1.790928840637207031	-0.584960937500000000	-0.764404296875000000	0.687988281250000000	false
9.594726562500000000	0.917053222656250000	-1.806640625000000000	-0.587890625000000000	-0.764404296875000000	0.693847656250000000	false
9.604835510253906250	0.894379615783691406	-1.784396171569824219	-0.584960937500000000	-0.764404296875000000	0.687988281250000000	false
9.602355957031250000	0.964355468750000000	-1.791381835937500000	-0.587646484375000000	-0.764404296875000000	0.685302734375000000	false
9.606575965881347656	0.917172431945800781	-1.780366897583007812	-0.585205078125000000	-0.762207031250000000	0.690673828125000000	false
9.597778320312500000	0.921630859375000000	-1.766967773437500000	-0.587646484375000000	-0.766845703125000000	0.696777343750000000	false
9.607553482055664062	0.895452499389648438	-1.763772964477539062	-0.585205078125000000	-0.762207031250000000	0.693359375000000000	false
9.590148925781250000	0.927734375000000000	-1.783752441406250000	-0.587890625000000000	-0.762207031250000000	0.690673828125000000	false
9.607195854187011719	0.851202011108398438	-1.792812347412109375	-0.587890625000000000	-0.761962890625000000	0.696289062500000000	false
9.616088867187500000	0.840759277343750000	-1.832580566406250000	-0.587890625000000000	-0.761962890625000000	0.696289062500000000	false
9.601235389709472656	0.862431526184082031	-1.854348182678222656	-0.587890625000000000	-0.759765625000000000	0.693359375000000000	false
9.605407714843750000	0.839233398437500000	-1.818847656250000000	-0.590820312500000000	-0.757324218750000000	0.690429687500000000	false
9.618473052978515625	0.816154479980468750	-1.810860633850097656	-0.590820312500000000	-0.759765625000000000	0.696289062500000000	false
9.594726562500000000	0.822448730468750000	-1.803588867187500000	-0.590576171875000000	-0.759765625000000000	0.693603515625000000	false
9.623789787292480469	0.860667228698730469	-1.782417297363281250	-0.590576171875000000	-0.759765625000000000	0.693603515625000000	false
9.605407714843750000	0.860595703125000000	-1.780700683593750000	-0.590576171875000000	-0.761962890625000000	0.693847656250000000	false
9.612822532653808594	0.845456123352050781	-1.793098449707031250	-0.590820312500000000	-0.759765625000000000	0.696289062500000000	false
9.608459472656250000	0.871276855468750000	-1.832580566406250000	-0.590820312500000000	-0.759765625000000000	0.696289062500000000	false
9.626650810241699219	0.864434242248535156	-1.823472976684570312	-0.590576171875000000	-0.759765625000000000	0.690673828125000000	false
9.629821777343750000	0.831604003906250000	-1.789855957031250000	-0.590576171875000000	-0.759765625000000000	0.690673828125000000	false
9.623670578002929688	0.866031646728515625	-1.793313026428222656	-0.590820312500000000	-0.757324218750000000	0.690429687500000000	false
9.611511230468750000	0.833129882812500000	-1.809692382812500000	-0.590576171875000000	-0.759765625000000000	0.690673828125000000	false
9.622311592102050781	0.860285758972167969	-1.778507232666015625	-0.590820312500000000	-0.757324218750000000	0.693359375000000000	false
9.613037109375000000	0.845336914062500000	-1.760864257812500000	-0.590820312500000000	-0.759765625000000000	0.696289062500000000	false
9.613633155822753906	0.832271575927734375	-1.750850677490234375	-0.593261718750000000	-0.759765625000000000	0.693603515625000000	false
9.611511230468750000	0.814819335937500000	-1.776123046875000000	-0.593261718750000000	-0.759765625000000000	0.693603515625000000	false
9.615015983581542969	0.838351249694824219	-1.747989654541015625	-0.590820312500000000	-0.759765625000000000	0.696289062500000000	false
9.616088867187500000	0.823974609375000000	-1.737976074218750000	-0.587890625000000000	-0.759765625000000000	0.687744140625000000	false
9.605169296264648438	0.842666625976562500	-1.765751838684082031	-0.590576171875000000	-0.759765625000000000	0.690673828125000000	false
9.617614746093750000	0.837707519531250000	-1.753234863281250000	-0.590576171875000000	-0.759765625000000000	0.693603515625000000	false
9.615921974182128906	0.822329521179199219	-1.753354072570800781	-0.593261718750000000	-0.761962890625000000	0.693847656250000000	false
9.626770019531250000	0.822448730468750000	-1.756286621093750000	-0.593261718750000000	-0.759765625000000000	0.693603515625000000	false
9.604620933532714844	0.852370262145996094	-1.755571365356445312	-0.590576171875000000	-0.759765625000000000	0.690673828125000000	false
9.611511230468750000	0.842285156250000000	-1.765441894531250000	-0.593261718750000000	-0.759765625000000000	0.688232421875000000	false
9.606814384460449219	0.861144065856933594	-1.741337776184082031	-0.590332031250000000	-0.762207031250000000	0.685302734375000000	false
9.617614746093750000	0.863647460937500000	-1.759338378906250000	-0.590332031250000000	-0.761962890625000000	0.688232421875000000	false
9.610843658447265625	0.857377052307128906	-1.723217964172363281	-0.590576171875000000	-0.761962890625000000	0.690917968750000000	false
9.613037109375000000	0.860595703125000000	-1.783752441406250000	-0.590576171875000000	-0.761962890625000000	0.693847656250000000	false
9.607815742492675781	0.858998298645019531	-1.718616485595703125	-0.590576171875000000	-0.759765625000000000	0.687988281250000000	false
9.611511230468750000	0.878906250000000000	-1.773071289062500000	-0.590576171875000000	-0.761962890625000000	0.690917968750000000	false
9.614062309265136719	0.845265388488769531	-1.750612258911132812	-0.587890625000000000	-0.762207031250000000	0.693603515625000000	false
9.616088867187500000	0.888061523437500000	-1.771545410156250000	-0.590332031250000000	-0.764404296875000000	0.688476562500000000	false
9.612631797790527344	0.843834877014160156	-1.772713661193847656	-0.590576171875000000	-0.761962890625000000	0.693847656250000000	false
9.599304199218750000	0.909423828125000000	-1.773071289062500000	-0.590332031250000000	-0.764404296875000000	0.693847656250000000	false
9.605360031127929688	0.879359245300292969	-1.764607429504394531	-0.593017578125000000	-0.761962890625000000	0.691162109375000000	false
9.605407714843750000	0.865173339843750000	-1.774597167968750000	-0.590332031250000000	-0.761962890625000000	0.688232421875000000	false
9.613108634948730469	0.869369506835937500	-1.802444458007812500	-0.593017578125000000	-0.761962890625000000	0.685546875000000000	false
9.619140625000000000	0.860595703125000000	-1.760864257812500000	-0.590332031250000000	-0.764404296875000000	0.691162109375000000	false
9.604954719543457031	0.895929336547851562	-1.779150962829589844	-0.587646484375000000	-0.764404296875000000	0.690917968750000000	false
9.606933593750000000	0.872802734375000000	-1.693725585937500000	-0.590332031250000000	-0.761962890625000000	0.688232421875000000	false
9.599351882934570312	0.895595550537109375	-1.755261421203613281	-0.590332031250000000	-0.764404296875000000	0.688476562500000000	false
9.606933593750000000	0.856018066406250000	-1.757812500000000000	-0.593017578125000000	-0.761962890625000000	0.691162109375000000	false
9.622406959533691406	0.862216949462890625	-1.743459701538085938	-0.590332031250000000	-0.764404296875000000	0.688476562500000000	false
9.617614746093750000	0.891113281250000000	-1.777648925781250000	-0.590332031250000000	-0.764404296875000000	0.691162109375000000	false
9.594821929931640625	0.872015953063964844	-1.729393005371093750	-0.590332031250000000	-0.762207031250000000	0.685302734375000000	false
9.603881835937500000	0.888061523437500000	-1.748657226562500000	-0.590332031250000000	-0.764404296875000000	0.691162109375000000	false
9.621047973632812500	0.841784477233886719	-1.757383346557617188	-0.590332031250000000	-0.764404296875000000	0.691162109375000000	false
9.617614746093750000	0.918579101562500000	-1.744079589843750000	-0.590332031250000000	-0.764404296875000000	0.691162109375000000	false
9.612870216369628906	0.857830047607421875	-1.766109466552734375	-0.590087890625000000	-0.766845703125000000	0.685791015625000000	false
9.609985351562500000	0.863647460937500000	-1.719665527343750000	-0.590332031250000000	-0.764404296875000000	0.691162109375000000	false
9.612512588500976562	0.859808921813964844	-1.751065254211425781	-0.590332031250000000	-0.764404296875000000	0.685546875000000000	false
9.593200683593750000	0.903320312500000000	-1.770019531250000000	-0.590332031250000000	-0.764404296875000000	0.685546875000000000	false
9.602427482604980469	0.820493698120117188	-1.745152473449707031	-0.590332031250000000	-0.764404296875000000	0.688476562500000000	false
9.613037109375000000	0.874328613281250000	-1.783752441406250000	-0.590332031250000000	-0.762207031250000000	0.685302734375000000	false
9.631204605102539062	0.832223892211914062	-1.784825325012207031	-0.590332031250000000	-0.764404296875000000	0.691162109375000000	false
9.597778320312500000	0.872802734375000000	-1.777648925781250000	-0.590332031250000000	-0.764404296875000000	0.688476562500000000	false
9.617924690246582031	0.844502449035644531	-1.743507385253906250	-0.590332031250000000	-0.762207031250000000	0.685302734375000000	false
9.602355957031250000	0.906372070312500000	-1.757812500000000000	-0.593017578125000000	-0.764404296875000000	0.688476562500000000	false
9.599304199218750000	0.878834724426269531	-1.792883872985839844	-0.593017578125000000	-0.761962890625000000	0.688232421875000000	false
9.597778320312500000	0.880432128906250000	-1.785278320312500000	-0.590576171875000000	-0.761962890625000000	0.690917968750000000	false
9.605956077575683594	0.876426696777343750	-1.739954948425292969	-0.590332031250000000	-0.761962890625000000	0.688232421875000000	false
9.600830078125000000	0.846862792968750000	-1.762390136718750000	-0.590332031250000000	-0.764404296875000000	0.688476562500000000	false
9.613680839538574219	0.885915756225585938	-1.778268814086914062	-0.593261718750000000	-0.761962890625000000	0.693847656250000000	false
9.629821777343750000	0.868225097656250000	-1.728820800781250000	-0.593017578125000000	-0.761962890625000000	0.688232421875000000	false
9.599709510803222656	0.836157798767089844	-1.779007911682128906	-0.593017578125000000	-0.761962890625000000	0.685546875000000000	false
9.614562988281250000	0.811767578125000000	-1.742553710937500000	-0.590332031250000000	-0.764404296875000000	0.685546875000000000	false
9.613847732543945312	0.843358039855957031	-1.735043525695800781	-0.593017578125000000	-0.764404296875000000	0.685791015625000000	false
9.594726562500000000	0.865173339843750000	-1.730346679687500000	-0.595458984375000000	-0.764404296875000000	0.685791015625000000	false
9.607315063476562500	0.788402557373046875	-1.793193817138671875	-0.595458984375000000	-0.764404296875000000	0.685791015625000000	false
9.658813476562500000	0.825500488281250000	-1.770019531250000000	-0.593017578125000000	-0.764404296875000000	0.685791015625000000	false
9.671258926391601562	0.830841064453125000	-1.752924919128417969	-0.595458984375000000	-0.764404296875000000	0.683105468750000000	false
9.648132324218750000	0.825500488281250000	-1.728820800781250000	-0.595458984375000000	-0.766601562500000000	0.683349609375000000	false
9.639406204223632812	0.855493545532226562	-1.685810089111328125	-0.597900390625000000	-0.769042968750000000	0.680908203125000000	false
9.620666503906250000	0.846862792968750000	-1.686096191406250000	-0.597656250000000000	-0.769042968750000000	0.675292968750000000	false
9.689855575561523438	0.835251808166503906	-1.608633995056152344	-0.597656250000000000	-0.771240234375000000	0.675537109375000000	false
9.666442871093750000	0.828552246093750000	-1.617431640625000000	-0.600097656250000000	-0.773681640625000000	0.673095703125000000	false
9.782314300537109375	0.633454322814941406	-1.442432403564453125	-0.599853515625000000	-0.775878906250000000	0.667724609375000000	false
9.852600097656250000	0.071716308593750000	-1.509094238281250000	-0.599365234375000000	-0.780761718750000000	0.659912109375000000	false
10.293912887573242188	-0.140070915222167969	-1.553297042846679688	-0.596679687500000000	-0.785400390625000000	0.660156250000000000	false
11.033630371093750000	-0.166320800781250000	-1.542663574218750000	-0.590576171875000000	-0.799560546875000000	0.655273437500000000	false
12.298083305358886719	-0.500798225402832031	-1.749110221862792969	-0.571044921875000000	-0.821044921875000000	0.653320312500000000	false
11.450195312500000000	0.672912597656250000	-2.308654785156250000	-0.546142578125000000	-0.840087890625000000	0.647949218750000000	false
9.782767295837402344	-0.343370437622070312	-2.735662460327148438	-0.515869140625000000	-0.861816406250000000	0.645263671875000000	false
8.044433593750000000	-1.637268066406250000	-1.478576660156250000	-0.475585937500000000	-0.871826171875000000	0.637939453125000000	false
7.187986373901367188	-2.457666397094726562	-0.932025909423828125	-0.452636718750000000	-0.858398437500000000	0.649169921875000000	false
8.087158203125000000	-1.704406738281250000	-1.086425781250000000	-0.449218750000000000	-0.828125000000000000	0.665771484375000000	false
9.359502792358398438	-0.502753257751464844	-1.433062553405761719	-0.476074218750000000	-0.771484375000000000	0.681640625000000000	false
10.548400878906250000	0.115966796875000000	-1.802062988281250000	-0.529785156250000000	-0.707275390625000000	0.696044921875000000	false
10.901570320129394531	0.544357299804687500	-1.838064193725585938	-0.592041015625000000	-0.626953125000000000	0.706542968750000000	false
11.050415039062500000	0.729370117187500000	-1.405334472656250000	-0.649169921875000000	-0.548828125000000000	0.722412109375000000	false
10.659813880920410156	0.634384155273437500	-0.698328018188476562	-0.700195312500000000	-0.475585937500000000	0.718994140625000000	false
10.177612304687500000	0.801086425781250000	-0.788879394531250000	-0.735107421875000000	-0.411865234375000000	0.723632812500000000	false
9.525895118713378906	1.211929321289062500	-1.285982131958007812	-0.764160156250000000	-0.360107421875000000	0.729003906250000000	false
9.115600585937500000	2.407836914062500000	-2.183532714843750000	-0.776611328125000000	-0.320068359375000000	0.729003906250000000	false
8.768320083618164062	2.922463417053222656	-3.249096870422363281	-0.785156250000000000	-0.310546875000000000	0.734375000000000000	false
9.236145019531250000	-0.981140136718750000	-3.526306152343750000	-0.781494140625000000	-0.329345703125000000	0.732910156250000000	false
11.789202690124511719	-5.775785446166992188	1.433753967285156250	-0.777832031250000000	-0.357421875000000000	0.740966796875000000	false
11.758422851562500000	-1.460266113281250000	-0.207519531250000000	-0.763671875000000000	-0.376220703125000000	0.744384765625000000	false
8.677124977111816406	-1.898574829101562500	-4.208159446716308594	-0.755126953125000000	-0.397216796875000000	0.759765625000000000	false
9.222412109375000000	0.181579589843750000	-3.340148925781250000	-0.733154296875000000	-0.418701171875000000	0.768798828125000000	false
10.772585868835449219	-0.113081932067871094	-0.499415397644042969	-0.713134765625000000	-0.449218750000000000	0.773193359375000000	false
9.539794921875000000	0.306701660156250000	-2.319335937500000000	-0.696777343750000000	-0.465820312500000000	0.784667968750000000	false
9.759521484375000000	0.382351875305175781	-2.302646636962890625	-0.677734375000000000	-0.477783203125000000	0.790283203125000000	false
9.518432617187500000	-0.550842285156250000	-2.142333984375000000	-0.661132812500000000	-0.496826171875000000	0.790771484375000000	false
9.316444396972656250	-0.196623802185058594	-2.204537391662597656	-0.649658203125000000	-0.515625000000000000	0.791992187500000000	false
9.541320800781250000	-0.238037109375000000	-2.319335937500000000	-0.635498046875000000	-0.534667968750000000	0.790039062500000000	false
9.596991539001464844	0.180125236511230469	-2.458262443542480469	-0.623779296875000000	-0.555908203125000000	0.791259765625000000	false
9.692382812500000000	0.355529785156250000	-2.568054199218750000	-0.609375000000000000	-0.579345703125000000	0.789550781250000000	false
9.702324867248535156	0.741267204284667969	-2.627182006835937500	-0.591796875000000000	-0.610107421875000000	0.774658203125000000	false
10.026550292968750000	0.877380371093750000	-2.525329589843750000	-0.574218750000000000	-0.640869140625000000	0.768066406250000000	false
10.478210449218750000	1.082944869995117188	-2.345919609069824219	-0.553710937500000000	-0.676269531250000000	0.753173828125000000	false
11.195373535156250000	0.837707519531250000	-2.272033691406250000	-0.535888671875000000	-0.711669921875000000	0.741455078125000000	false
11.905813217163085938	0.952339172363281250	-4.027223587036132812	-0.507324218750000000	-0.747314453125000000	0.729003906250000000	false
13.232421875000000000	-0.416564941406250000	-2.090454101562500000	-0.475830078125000000	-0.790039062500000000	0.708496093750000000	false
13.488388061523437500	-2.083969116210937500	-2.592754364013671875	-0.441162109375000000	-0.835205078125000000	0.677001953125000000	false
14.674377441406250000	-1.515197753906250000	-4.092407226562500000	-0.396240234375000000	-0.878173828125000000	0.647460937500000000	false
13.514804840087890625	2.988147735595703125	-4.340004920959472656	-0.336181640625000000	-0.912109375000000000	0.638427734375000000	false
9.852600097656250000	2.700805664062500000	-2.928161621093750000	-0.266601562500000000	-0.927490234375000000	0.638183593750000000	false
5.300688743591308594	-1.162695884704589844	-1.350617408752441406	-0.175781250000000000	-0.943359375000000000	0.628417968750000000	false
2.914428710937500000	-3.050231933593750000	-0.421142578125000000	-0.112060546875000000	-0.947021484375000000	0.627441406250000000	false
4.031586647033691406	-0.072050094604492188	-0.579261779785156250	-0.107910156250000000	-0.932861328125000000	0.648193359375000000	false
5.812072753906250000	1.138305664062500000	-0.271606445312500000	-0.162841796875000000	-0.906005859375000000	0.682617187500000000	false
8.064484596252441406	2.832913398742675781	-0.625920295715332031	-0.263671875000000000	-0.852539062500000000	0.700683593750000000	false
11.645507812500000000	3.907775878906250000	-1.589965820312500000	-0.403320312500000000	-0.760986328125000000	0.718017578125000000	false
14.332556724548339844	4.252696037292480469	-1.581335067749023438	-0.557373046875000000	-0.636962890625000000	0.710693359375000000	false
15.650939941406250000	4.063415527343750000	-1.379394531250000000	-0.699951171875000000	-0.477783203125000000	0.713623046875000000	false
16.072869300842285156	4.994678497314453125	-1.844596862792968750	-0.803710937500000000	-0.310302734375000000	0.738281250000000000	false
11.695861816406250000	12.425231933593750000	-0.910949707031250000	-0.843750000000000000	-0.153076171875000000	0.768066406250000000	false
9.379577636718750000	7.643127441406250000	-4.551696777343750000	-0.833251953125000000	-0.102050781250000000	0.779541015625000000	false
8.702707290649414062	3.037261962890625000	-5.057144165039062500	-0.822021484375000000	-0.125488281250000000	0.794921875000000000	false
16.926741600036621094	-3.939819335937500000	4.852461814880371094	-0.813720703125000000	-0.137207031250000000	0.803710937500000000	false
12.176513671875000000	1.983642578125000000	-3.814697265625000000	-0.797119140625000000	-0.160644531250000000	0.827148437500000000	false
8.502173423767089844	1.195478439331054688	-3.385567665100097656	-0.783691406250000000	-0.228515625000000000	0.840820312500000000	false
10.765075683593750000	0.726318359375000000	-1.214599609375000000	-0.754394531250000000	-0.287353515625000000	0.847167968750000000	false
10.217189788818359375	-0.537681579589843750	-2.054381370544433594	-0.741943359375000000	-0.329345703125000000	0.850341796875000000	false
9.657287597656250000	-0.698852539062500000	-3.097534179687500000	-0.724609375000000000	-0.362304687500000000	0.860595703125000000	false
9.493279457092285156	-0.503039360046386719	-2.649259567260742188	-0.706787109375000000	-0.402343750000000000	0.857666015625000000	false
9.764099121093750000	0.209045410156250000	-2.668762207031250000	-0.691894531250000000	-0.437500000000000000	0.854248046875000000	false
9.422278404235839844	0.693106651306152344	-3.277730941772460938	-0.679687500000000000	-0.468017578125000000	0.847900390625000000	false
9.237670898437500000	0.367736816406250000	-2.955627441406250000	-0.662353515625000000	-0.498779296875000000	0.852539062500000000	false
9.152436256408691406	0.304293632507324219	-3.164577484130859375	-0.645263671875000000	-0.522460937500000000	0.845214843750000000	false
10.317993164062500000	0.953674316406250000	-2.357482910156250000	-0.630371093750000000	-0.552978515625000000	0.835937500000000000	false
10.385298728942871094	0.625848770141601562	-2.474784851074218750	-0.615234375000000000	-0.588378906250000000	0.832519531250000000	false
10.404968261718750000	0.148010253906250000	-2.604675292968750000	-0.591552734375000000	-0.633056640625000000	0.818603515625000000	false
11.407303810119628906	-0.128531455993652344	-3.252887725830078125	-0.565673828125000000	-0.677978515625000000	0.815429687500000000	false
14.758300781250000000	-2.508544921875000000	-2.061462402343750000	-0.533447265625000000	-0.729980468750000000	0.792968750000000000	false
17.176699638366699219	-6.676054000854492188	-1.866340637207031250	-0.484375000000000000	-0.798828125000000000	0.757324218750000000	false
16.696166992187500000	3.239440917968750000	-6.005859375000000000	-0.426513671875000000	-0.846435546875000000	0.755126953125000000	false
11.885762214660644531	1.202058792114257812	-3.722476959228515625	-0.337158203125000000	-0.850585937500000000	0.788818359375000000	false
4.435729980468750000	3.234863281250000000	-4.066467285156250000	-0.223876953125000000	-0.845703125000000000	0.797851562500000000	false
1.882624626159667969	-1.082444190979003906	-0.683712959289550781	-0.159423828125000000	-0.823730468750000000	0.816894531250000000	false
2.549743652343750000	0.120544433593750000	-1.940917968750000000	-0.149902343750000000	-0.805175781250000000	0.822998046875000000	false
4.144144058227539062	1.594233512878417969	-2.047634124755859375	-0.201904296875000000	-0.766845703125000000	0.825439453125000000	false
5.609130859375000000	2.481079101562500000	-2.453613281250000000	-0.295410156250000000	-0.699707031250000000	0.839355468750000000	false
8.678674697875976562	3.379106521606445312	-3.049921989440917969	-0.400634765625000000	-0.604248046875000000	0.845458984375000000	false
11.102294921875000000	4.333496093750000000	-3.373718261718750000	-0.514892578125000000	-0.485595703125000000	0.847412109375000000	false
12.994718551635742188	5.052614212036132812	-3.781056404113769531	-0.600097656250000000	-0.360351562500000000	0.838623046875000000	false
16.329956054687500000	5.606079101562500000	-2.600097656250000000	-0.658203125000000000	-0.256591796875000000	0.852294921875000000	false
14.252042770385742188	8.181905746459960938	-0.555729866027832031	-0.664794921875000000	-0.186523437500000000	0.876708984375000000	false
11.088562011718750000	12.351989746093750000	-2.507019042968750000	-0.648925781250000000	-0.137695312500000000	0.893554687500000000	false
9.758162498474121094	0.035071372985839844	-4.399418830871582031	-0.634765625000000000	-0.163574218750000000	0.903564453125000000	false
14.657592773437500000	-2.912902832031250000	4.336547851562500000	-0.627441406250000000	-0.210205078125000000	0.915771484375000000	false
12.235403060913085938	1.296067237854003906	-4.388141632080078125	-0.610107421875000000	-0.243164062500000000	0.917480468750000000	false
9.988403320312500000	2.374267578125000000	-3.059387207031250000	-0.598388671875000000	-0.280517578125000000	0.942626953125000000	false
9.694719314575195312	0.721049308776855469	-1.605939865112304688	-0.564208984375000000	-0.332519531250000000	0.945068359375000000	false
10.343933105468750000	-0.498962402343750000	-1.837158203125000000	-0.545654296875000000	-0.384033203125000000	0.937500000000000000	false
9.376239776611328125	-0.083994865417480469	-2.817869186401367188	-0.525878906250000000	-0.410156250000000000	0.944335937500000000	false
9.407043457031250000	-0.633239746093750000	-2.484130859375000000	-0.508300781250000000	-0.443115234375000000	0.935058593750000000	false
9.449362754821777344	-0.036549568176269531	-2.421355247497558594	-0.496582031250000000	-0.466552734375000000	0.936523437500000000	false
9.654235839843750000	0.009155273437500000	-2.597045898437500000	-0.481933593750000000	-0.492675781250000000	0.932373046875000000	false
9.645414352416992188	-0.169539451599121094	-2.646660804748535156	-0.468017578125000000	-0.511474609375000000	0.933105468750000000	false
9.973144531250000000	0.480651855468750000	-2.571105957031250000	-0.448242187500000000	-0.532958984375000000	0.922851562500000000	false
10.703158378601074219	0.342988967895507812	-2.800107002258300781	-0.433105468750000000	-0.570556640625000000	0.922607421875000000	false
11.431884765625000000	0.027465820312500000	-2.282714843750000000	-0.409423828125000000	-0.610595703125000000	0.902343750000000000	false
11.609435081481933594	-0.410747528076171875	-3.515100479125976562	-0.385986328125000000	-0.655517578125000000	0.893798828125000000	false
14.860534667968750000	-1.660156250000000000	-3.187561035156250000	-0.354492187500000000	-0.702880859375000000	0.882324218750000000	false
18.138027191162109375	-7.539463043212890625	-1.417803764343261719	-0.316162109375000000	-0.771240234375000000	0.852783203125000000	false
17.117309570312500000	-2.870178222656250000	-6.446838378906250000	-0.267333984375000000	-0.837646484375000000	0.824951171875000000	false
12.335538864135742188	4.622936248779296875	-3.918576240539550781	-0.202880859375000000	-0.859863281250000000	0.836914062500000000	false
5.513000488281250000	1.054382324218750000	-3.295898437500000000	-0.095947265625000000	-0.887695312500000000	0.835449218750000000	false
1.962614059448242188	-2.741384506225585938	-1.068925857543945312	-0.021972656250000000	-0.895996093750000000	0.859375000000000000	false
1.213073730468750000	-0.112915039062500000	-0.802612304687500000	-0.008544921875000000	-0.907958984375000000	0.876464843750000000	false
3.106021881103515625	1.247215270996093750	-1.279234886169433594	-0.072265625000000000	-0.911132812500000000	0.894775390625000000	false
5.485534667968750000	1.902770996093750000	-1.249694824218750000	-0.198242187500000000	-0.882812500000000000	0.911132812500000000	false
9.086203575134277344	3.340339660644531250	-3.137683868408203125	-0.376708984375000000	-0.802246093750000000	0.915283203125000000	false
13.865661621093750000	5.361938476562500000	-3.858947753906250000	-0.587646484375000000	-0.653564453125000000	0.917724609375000000	false
15.720105171203613281	5.925488471984863281	-4.551076889038085938	-0.804199218750000000	-0.441894531250000000	0.920410156250000000	false
16.963195800781250000	6.576538085937500000	-4.127502441406250000	-0.964355468750000000	-0.207763671875000000	0.956298828125000000	false
12.147283554077148438	12.504792213439941406	-1.044726371765136719	-1.022216796875000000	-0.019775390625000000	1.015136718750000000	false
9.936523437500000000	7.922363281250000000	-2.911376953125000000	-0.987304687500000000	0.014404296875000000	1.032226562500000000	false
12.911391258239746094	-7.222437858581542969	3.348827362060546875	-0.959716796875000000	-0.020751953125000000	1.053222656250000000	false
14.949035644531250000	2.775573730468750000	1.000976562500000000	-0.954345703125000000	-0.020996093750000000	1.055664062500000000	false
11.107850074768066406	2.463126182556152344	-5.185008049011230469	-0.958984375000000000	-0.041748046875000000	1.063476562500000000	false
8.375549316406250000	3.131103515625000000	-3.326416015625000000	-0.951416015625000000	-0.095458984375000000	1.078857421875000000	false
10.622215270996093750	-0.574636459350585938	-1.361608505249023438	-0.933837890625000000	-0.186523437500000000	1.080566406250000000	false
9.735107421875000000	0.312805175781250000	-2.699279785156250000	-0.933837890625000000	-0.244628906250000000	1.088867187500000000	false
9.207582473754882812	-0.328373908996582031	-3.230929374694824219	-0.918701171875000000	-0.286865234375000000	1.100097656250000000	false
9.403991699218750000	-0.317382812500000000	-2.722167968750000000	-0.905273437500000000	-0.343017578125000000	1.090576171875000000	false
9.648299217224121094	0.538539886474609375	-2.719330787658691406	-0.892822265625000000	-0.385253906250000000	1.096435546875000000	false
9.721374511718750000	0.170898437500000000	-2.789306640625000000	-0.885742187500000000	-0.422607421875000000	1.096435546875000000	false
9.713125228881835938	-0.205159187316894531	-2.834296226501464844	-0.864990234375000000	-0.462646484375000000	1.087890625000000000	false
10.525512695312500000	0.135803222656250000	-2.967834472656250000	-0.852294921875000000	-0.507324218750000000	1.085449218750000000	false
11.865854263305664062	0.045275688171386719	-2.271223068237304688	-0.835937500000000000	-0.565917968750000000	1.075927734375000000	false
10.974121093750000000	0.117492675781250000	-3.065490722656250000	-0.811035156250000000	-0.638671875000000000	1.058837890625000000	false
13.159012794494628906	-0.739121437072753906	-2.815008163452148438	-0.775390625000000000	-0.707031250000000000	1.040527343750000000	false
16.255187988281250000	-5.737304687500000000	-1.460266113281250000	-0.730957031250000000	-0.791992187500000000	1.006347656250000000	false
18.606734275817871094	-5.412077903747558594	-4.245615005493164062	-0.680175781250000000	-0.888916015625000000	0.953613281250000000	false
14.782714843750000000	4.425048828125000000	-5.194091796875000000	-0.599853515625000000	-0.916015625000000000	0.970458984375000000	false
7.056570053100585938	-1.196193695068359375	-3.649950027465820312	-0.480957031250000000	-0.916259765625000000	0.976806640625000000	false
4.252624511718750000	1.593017578125000000	-3.562927246093750000	-0.370117187500000000	-0.871826171875000000	1.001953125000000000	false
0.572466850280761719	-0.068998336791992188	-0.758051872253417969	-0.325195312500000000	-0.814453125000000000	1.004882812500000000	false
1.678466796875000000	0.477600097656250000	-2.343750000000000000	-0.353515625000000000	-0.767333984375000000	0.977294921875000000	false
4.588198661804199219	1.367998123168945312	-1.715636253356933594	-0.444335937500000000	-0.686523437500000000	0.964599609375000000	false
7.862854003906250000	2.259826660156250000	-2.465820312500000000	-0.555419921875000000	-0.565429687500000000	0.946533203125000000	false
11.714935302734375000	4.170441627502441406	-4.552602767944335938	-0.674560546875000000	-0.395507812500000000	0.938476562500000000	false
13.792419433593750000	6.619262695312500000	-5.487060546875000000	-0.765625000000000000	-0.200439453125000000	0.923583984375000000	false
16.028451919555664062	6.409907341003417969	-5.708861351013183594	-0.807373046875000000	-0.048095703125000000	0.926025390625000000	false
15.742492675781250000	9.582519531250000000	-0.639343261718750000	-0.796630859375000000	0.035888671875000000	0.967773437500000000	false
10.800528526306152344	9.440684318542480469	-1.149272918701171875	-0.735595703125000000	0.069580078125000000	1.000000000000000000	false
10.137939453125000000	2.174377441406250000	-1.895141601562500000	-0.673339843750000000	0.040527343750000000	1.004150390625000000	false
17.111325263977050781	-1.256680488586425781	4.427218437194824219	-0.673095703125000000	0.038085937500000000	0.998779296875000000	false
10.671997070312500000	1.382446289062500000	-5.552673339843750000	-0.677978515625000000	0.031250000000000000	0.997070312500000000	false
9.739375114440917969	4.164147377014160156	-2.952361106872558594	-0.687011718750000000	-0.005859375000000000	1.006591796875000000	false
10.029602050781250000	0.468444824218750000	-0.982666015625000000	-0.675781250000000000	-0.075927734375000000	1.006591796875000000	false
10.063648223876953125	0.442361831665039062	-2.523183822631835938	-0.678710937500000000	-0.126953125000000000	1.017089843750000000	false
9.222412109375000000	0.195312500000000000	-2.970886230468750000	-0.672119140625000000	-0.157470703125000000	1.022216796875000000	false
9.426212310791015625	-0.382494926452636719	-2.620625495910644531	-0.659423828125000000	-0.201904296875000000	1.025634765625000000	false
9.609985351562500000	0.482177734375000000	-2.601623535156250000	-0.652832031250000000	-0.234619140625000000	1.031005859375000000	false
9.756708145141601562	0.932335853576660156	-2.573728561401367188	-0.648437500000000000	-0.269531250000000000	1.033935546875000000	false
9.838867187500000000	0.093078613281250000	-2.650451660156250000	-0.636474609375000000	-0.295410156250000000	1.030029296875000000	false
10.279893875122070312	-0.125885009765625000	-3.211617469787597656	-0.624511718750000000	-0.328369140625000000	1.032226562500000000	false
11.518859863281250000	0.367736816406250000	-2.253723144531250000	-0.614257812500000000	-0.372802734375000000	1.032958984375000000	false
11.308455467224121094	0.173878669738769531	-2.556419372558593750	-0.600585937500000000	-0.431396484375000000	1.020751953125000000	false
11.573791503906250000	-0.343322753906250000	-3.358459472656250000	-0.581787109375000000	-0.492431640625000000	1.013916015625000000	false
14.216566085815429688	-1.662158966064453125	-3.147983551025390625	-0.559326171875000000	-0.562744140625000000	0.991210937500000000	false
17.474365234375000000	-7.131958007812500000	-1.356506347656250000	-0.527587890625000000	-0.656738281250000000	0.958740234375000000	false
16.288304328918457031	0.875139236450195312	-6.179308891296386719	-0.488525390625000000	-0.739257812500000000	0.930419921875000000	false
11.672973632812500000	2.441406250000000000	-3.428649902343750000	-0.429443359375000000	-0.766113281250000000	0.945800781250000000	false
5.339646339416503906	1.161408424377441406	-2.979803085327148438	-0.332763671875000000	-0.793701171875000000	0.942138671875000000	false
2.024841308593750000	-2.154541015625000000	-0.518798828125000000	-0.267089843750000000	-0.785644531250000000	0.945800781250000000	false
1.927900314331054688	0.165009498596191406	-1.291513442993164062	-0.265869140625000000	-0.757812500000000000	0.948730468750000000	false
4.611206054687500000	1.359558105468750000	-1.234436035156250000	-0.321533203125000000	-0.705322265625000000	0.952880859375000000	false
7.147383689880371094	2.177023887634277344	-1.569271087646484375	-0.420654296875000000	-0.617187500000000000	0.945556640625000000	false
10.527038574218750000	3.526306152343750000	-3.288269042968750000	-0.543457031250000000	-0.484375000000000000	0.943847656250000000	false
13.538241386413574219	4.974246025085449219	-4.099011421203613281	-0.657226562500000000	-0.316650390625000000	0.935791015625000000	false
15.078735351562500000	6.614685058593750000	-4.830932617187500000	-0.731445312500000000	-0.149658203125000000	0.936279296875000000	false
17.045879364013671875	7.412624359130859375	-2.982258796691894531	-0.750732421875000000	-0.030517578125000000	0.951660156250000000	false
12.275695800781250000	12.994384765625000000	0.358581542968750000	-0.709716796875000000	0.041015625000000000	0.975830078125000000	false
9.530711174011230469	9.175848960876464844	-4.084444046020507812	-0.644042968750000000	0.049072265625000000	0.976562500000000000	false
15.660095214843750000	-4.710388183593750000	5.314636230468750000	-0.625000000000000000	0.032226562500000000	0.982421875000000000	false
12.428498268127441406	0.966358184814453125	-4.663968086242675781	-0.623291015625000000	0.001953125000000000	0.976562500000000000	false
10.763549804687500000	3.845214843750000000	-3.373718261718750000	-0.635253906250000000	-0.028076171875000000	0.985839843750000000	false
9.399700164794921875	2.967500686645507812	-1.832318305969238281	-0.628173828125000000	-0.070068359375000000	0.991943359375000000	false
10.304260253906250000	-1.068115234375000000	-2.120971679687500000	-0.624755859375000000	-0.137695312500000000	0.992431640625000000	false
9.553766250610351562	0.422716140747070312	-2.694654464721679688	-0.620849609375000000	-0.170166015625000000	1.000732421875000000	false
9.185791015625000000	-0.947570800781250000	-2.922058105468750000	-0.608642578125000000	-0.207763671875000000	1.009033203125000000	false
9.266352653503417969	-0.120234489440917969	-2.722692489624023438	-0.598876953125000000	-0.240478515625000000	1.005859375000000000	false
9.716796875000000000	0.640869140625000000	-2.296447753906250000	-0.594726562500000000	-0.270996093750000000	1.002685546875000000	false
9.809422492980957031	0.797200202941894531	-2.584838867187500000	-0.588134765625000000	-0.301269531250000000	1.002441406250000000	false
9.941101074218750000	0.250244140625000000	-3.012084960937500000	-0.575927734375000000	-0.329589843750000000	0.998535156250000000	false
11.218261718750000000	-0.071740150451660156	-2.646732330322265625	-0.563720703125000000	-0.364746093750000000	0.995605468750000000	false
11.923217773437500000	-0.328063964843750000	-2.465820312500000000	-0.555664062500000000	-0.413818359375000000	0.985595703125000000	false
11.691403388977050781	-0.202107429504394531	-2.187013626098632812	-0.542236328125000000	-0.472412109375000000	0.976074218750000000	false
12.899780273437500000	-1.408386230468750000	-3.735351562500000000	-0.523193359375000000	-0.531005859375000000	0.963623046875000000	false
16.994524002075195312	-5.704307556152343750	-2.108097076416015625	-0.497558593750000000	-0.611083984375000000	0.935791015625000000	false
17.822265625000000000	-4.132080078125000000	-5.932617187500000000	-0.455322265625000000	-0.700683593750000000	0.899658203125000000	false
12.740588188171386719	5.427479743957519531	-4.762434959411621094	-0.400634765625000000	-0.741210937500000000	0.905517578125000000	false
6.512451171875000000	0.494384765625000000	-3.300476074218750000	-0.308837890625000000	-0.775878906250000000	0.891601562500000000	false
3.052091598510742188	-2.284598350524902344	-1.333165168762207031	-0.221679687500000000	-0.775390625000000000	0.900146484375000000	false
0.929260253906250000	-0.140380859375000000	-0.579833984375000000	-0.196533203125000000	-0.757080078125000000	0.913574218750000000	false
3.038430213928222656	1.321458816528320312	-1.242637634277343750	-0.221679687500000000	-0.730957031250000000	0.923828125000000000	false
5.703735351562500000	1.863098144531250000	-0.872802734375000000	-0.298339843750000000	-0.680419921875000000	0.924072265625000000	false
8.701038360595703125	3.172230720520019531	-2.488636970520019531	-0.410888671875000000	-0.594238281250000000	0.931640625000000000	false
12.858581542968750000	4.830932617187500000	-4.020690917968750000	-0.544677734375000000	-0.458740234375000000	0.941650390625000000	false
15.332078933715820312	6.232810020446777344	-4.618215560913085938	-0.677246093750000000	-0.285888671875000000	0.942626953125000000	false
17.126464843750000000	6.640625000000000000	-3.445434570312500000	-0.767578125000000000	-0.125488281250000000	0.967041015625000000	false
13.562822341918945312	9.786462783813476562	0.096774101257324219	-0.781494140625000000	-0.015625000000000000	0.999511718750000000	false
10.147094726562500000	10.682678222656250000	-2.735900878906250000	-0.737548828125000000	0.051025390625000000	1.010009765625000000	false
12.079668045043945312	0.696444511413574219	-0.211501121520996094	-0.699707031250000000	0.034179687500000000	1.014892578125000000	false
15.196228027343750000	-0.984191894531250000	1.312255859375000000	-0.695068359375000000	-0.010253906250000000	1.024169921875000000	false
9.803175926208496094	1.437830924987792969	-5.235791206359863281	-0.701171875000000000	-0.052001953125000000	1.025634765625000000	false
10.063171386718750000	4.846191406250000000	-2.967834472656250000	-0.702636718750000000	-0.082031250000000000	1.042480468750000000	false
10.307121276855468750	0.053143501281738281	-1.326370239257812500	-0.688476562500000000	-0.159179687500000000	1.045898437500000000	false
9.919738769531250000	-0.477600097656250000	-2.626037597656250000	-0.682861328125000000	-0.222167968750000000	1.051269531250000000	false
9.480738639831542969	0.227808952331542969	-3.316020965576171875	-0.670654296875000000	-0.257324218750000000	1.053710937500000000	false
9.233093261718750000	-0.181579589843750000	-2.947998046875000000	-0.657958984375000000	-0.297119140625000000	1.051025390625000000	false
9.565734863281250000	0.325012207031250000	-2.813720703125000000	-0.651367187500000000	-0.327636718750000000	1.050537109375000000	false
9.553527832031250000	0.306701660156250000	-2.522277832031250000	-0.644531250000000000	-0.360351562500000000	1.050292968750000000	false
9.990239143371582031	-0.926947593688964844	-2.614283561706542969	-0.635253906250000000	-0.383789062500000000	1.046386718750000000	false
10.295104980468750000	0.231933593750000000	-3.083801269531250000	-0.625732421875000000	-0.414306640625000000	1.040283203125000000	false
11.723637580871582031	-0.216984748840332031	-2.081680297851562500	-0.618164062500000000	-0.456542968750000000	1.035156250000000000	false
11.544799804687500000	-0.379943847656250000	-2.046203613281250000	-0.602050781250000000	-0.512939453125000000	1.022705078125000000	false
12.435364723205566406	-1.016211509704589844	-3.595018386840820312	-0.580810546875000000	-0.566894531250000000	1.012451171875000000	false
16.476440429687500000	-4.786682128906250000	-3.228759765625000000	-0.550781250000000000	-0.630371093750000000	0.996826171875000000	false
18.662071228027343750	-5.275416374206542969	-4.748034477233886719	-0.510742187500000000	-0.724853515625000000	0.949951171875000000	false
13.337707519531250000	4.563903808593750000	-5.383300781250000000	-0.460693359375000000	-0.772460937500000000	0.939941406250000000	false
6.935334205627441406	-0.093889236450195312	-2.993869781494140625	-0.369873046875000000	-0.795166015625000000	0.947509765625000000	false
3.457641601562500000	-3.060913085937500000	-2.185058593750000000	-0.272216796875000000	-0.790283203125000000	0.943603515625000000	false
1.152610778808593750	-1.711392402648925781	-0.983929634094238281	-0.228271484375000000	-0.770263671875000000	0.941894531250000000	false
3.210449218750000000	0.392150878906250000	-2.017211914062500000	-0.251708984375000000	-0.725341796875000000	0.947509765625000000	false
5.918979644775390625	1.896953582763671875	-1.907587051391601562	-0.321533203125000000	-0.651855468750000000	0.959228515625000000	false
9.172058105468750000	3.639221191406250000	-3.221130371093750000	-0.413818359375000000	-0.549560546875000000	0.963867187500000000	false
12.869834899902343750	5.654644966125488281	-4.123592376708984375	-0.517089843750000000	-0.435791015625000000	0.962890625000000000	false
15.010070800781250000	6.370544433593750000	-4.454040527343750000	-0.601562500000000000	-0.329345703125000000	0.958496093750000000	false
17.734956741333007812	6.070661544799804688	-2.191567420959472656	-0.661132812500000000	-0.246582031250000000	0.965820312500000000	false
12.922668457031250000	12.170410156250000000	1.028442382812500000	-0.676513671875000000	-0.162109375000000000	0.992431640625000000	false
9.776496887207031250	10.037875175476074219	-2.917504310607910156	-0.649902343750000000	-0.118408203125000000	1.003417968750000000	false
13.832092285156250000	-5.822753906250000000	3.372192382812500000	-0.640625000000000000	-0.144287109375000000	1.008056640625000000	false
14.603853225708007812	2.059316635131835938	-3.341865539550781250	-0.628417968750000000	-0.179443359375000000	1.004882812500000000	false
9.664916992187500000	3.744506835937500000	-3.575134277343750000	-0.630371093750000000	-0.197753906250000000	1.020507812500000000	false
9.326863288879394531	2.737545967102050781	-2.164840698242187500	-0.613037109375000000	-0.233154296875000000	1.028320312500000000	false
10.600280761718750000	-0.866699218750000000	-1.951599121093750000	-0.596923828125000000	-0.289306640625000000	1.018554687500000000	false
9.629344940185546875	0.534152984619140625	-2.687931060791015625	-0.590820312500000000	-0.308105468750000000	1.025390625000000000	false
9.295654296875000000	-0.662231445312500000	-2.632141113281250000	-0.576416015625000000	-0.336425781250000000	1.027099609375000000	false
9.324097633361816406	-0.316262245178222656	-2.323198318481445312	-0.569824218750000000	-0.362060546875000000	1.026611328125000000	false
9.571838378906250000	-0.303649902343750000	-2.410888671875000000	-0.560791015625000000	-0.387939453125000000	1.028320312500000000	false
9.567809104919433594	0.098347663879394531	-2.648615837097167969	-0.549072265625000000	-0.409179687500000000	1.021240234375000000	false
9.892272949218750000	0.555419921875000000	-2.491760253906250000	-0.534423828125000000	-0.435058593750000000	1.022705078125000000	false
10.117602348327636719	0.277137756347656250	-2.406120300292968750	-0.525146484375000000	-0.465576171875000000	1.019287109375000000	false
10.408020019531250000	0.080871582031250000	-2.359008789062500000	-0.507080078125000000	-0.503173828125000000	1.010498046875000000	false
10.678410530090332031	1.190280914306640625	-3.229570388793945312	-0.489257812500000000	-0.541015625000000000	1.004394531250000000	false
11.795043945312500000	0.906372070312500000	-4.016113281250000000	-0.466064453125000000	-0.581054687500000000	0.998291015625000000	false
14.551734924316406250	-1.444435119628906250	-1.518011093139648438	-0.441894531250000000	-0.637451171875000000	0.979492187500000000	false
15.470886230468750000	-2.366638183593750000	-1.837158203125000000	-0.413818359375000000	-0.710449218750000000	0.945556640625000000	false
11.294770240783691406	4.309630393981933594	-5.807995796203613281	-0.370605468750000000	-0.774414062500000000	0.926269531250000000	false
6.372070312500000000	0.506591796875000000	-2.885437011718750000	-0.311279296875000000	-0.794433593750000000	0.927246093750000000	false
2.037096023559570312	-1.599836349487304688	-0.693106651306152344	-0.236328125000000000	-0.812255859375000000	0.915771484375000000	false
1.264953613281250000	-2.160644531250000000	0.079345703125000000	-0.200439453125000000	-0.831787109375000000	0.892822265625000000	false
3.951406478881835938	1.139616966247558594	-1.358461380004882812	-0.240478515625000000	-0.819335937500000000	0.888671875000000000	false
8.213806152343750000	5.313110351562500000	-2.049255371093750000	-0.325683593750000000	-0.756835937500000000	0.896728515625000000	false
12.768578529357910156	10.326409339904785156	-3.491091728210449219	-0.439697265625000000	-0.651855468750000000	0.919433593750000000	false
13.378906250000000000	11.570739746093750000	-3.697204589843750000	-0.561279296875000000	-0.549316406250000000	0.928955078125000000	false
11.365461349487304688	10.792493820190429688	-2.452039718627929688	-0.651611328125000000	-0.486816406250000000	0.931640625000000000	false
10.591125488281250000	10.144042968750000000	-0.419616699218750000	-0.700439453125000000	-0.462646484375000000	0.927001953125000000	false
9.759712219238281250	-0.871706008911132812	0.857853889465332031	-0.712890625000000000	-0.478515625000000000	0.929199218750000000	false
9.280395507812500000	1.123046875000000000	-3.846740722656250000	-0.710449218750000000	-0.478515625000000000	0.937500000000000000	false
10.527801513671875000	1.130032539367675781	-1.275753974914550781	-0.705322265625000000	-0.474121093750000000	0.936767578125000000	false
10.385131835937500000	-0.834655761718750000	-1.142883300781250000	-0.699707031250000000	-0.478759765625000000	0.936767578125000000	false
9.391522407531738281	-0.177073478698730469	-2.259588241577148438	-0.702392578125000000	-0.478759765625000000	0.931396484375000000	false
9.608459472656250000	-0.604248046875000000	-2.108764648437500000	-0.702392578125000000	-0.476318359375000000	0.934082031250000000	false
9.692931175231933594	-0.614547729492187500	-2.035045623779296875	-0.697265625000000000	-0.476562500000000000	0.936523437500000000	false
9.701538085937500000	-0.085449218750000000	-2.084350585937500000	-0.697021484375000000	-0.481201171875000000	0.939697265625000000	false
9.544706344604492188	-0.115656852722167969	-2.103567123413085938	-0.694335937500000000	-0.485839843750000000	0.942626953125000000	false
9.593200683593750000	0.065612792968750000	-2.069091796875000000	-0.688964843750000000	-0.488281250000000000	0.948242187500000000	false
9.601426124572753906	0.012612342834472656	-2.160501480102539062	-0.686035156250000000	-0.492919921875000000	0.945556640625000000	false
9.609985351562500000	0.297546386718750000	-2.137756347656250000	-0.686035156250000000	-0.495361328125000000	0.945800781250000000	false
9.579014778137207031	0.294160842895507812	-2.050614356994628906	-0.680664062500000000	-0.497802734375000000	0.948486328125000000	false
9.561157226562500000	0.230407714843750000	-2.143859863281250000	-0.677734375000000000	-0.500244140625000000	0.942871093750000000	false
9.575629234313964844	0.062847137451171875	-2.099323272705078125	-0.677734375000000000	-0.500244140625000000	0.948486328125000000	false
9.542846679687500000	0.106811523437500000	-2.124023437500000000	-0.677734375000000000	-0.500244140625000000	0.948486328125000000	false
9.573650360107421875	0.268363952636718750	-2.120518684387207031	-0.675048828125000000	-0.502441406250000000	0.951416015625000000	false
9.568786621093750000	0.257873535156250000	-2.139282226562500000	-0.672363281250000000	-0.502441406250000000	0.951171875000000000	false
9.563684463500976562	0.282406806945800781	-2.162122726440429688	-0.672363281250000000	-0.504882812500000000	0.954101562500000000	false
9.555053710937500000	0.357055664062500000	-2.165222167968750000	-0.672119140625000000	-0.509521484375000000	0.948974609375000000	false
9.557700157165527344	0.297403335571289062	-2.214074134826660156	-0.669433593750000000	-0.509521484375000000	0.948974609375000000	false
9.545898437500000000	0.346374511718750000	-2.331542968750000000	-0.664306640625000000	-0.509765625000000000	0.951416015625000000	false
9.561777114868164062	0.240230560302734375	-2.239871025085449219	-0.663818359375000000	-0.514404296875000000	0.948974609375000000	false
9.591674804687500000	0.250244140625000000	-2.302551269531250000	-0.663818359375000000	-0.514404296875000000	0.948974609375000000	false
9.536767005920410156	0.297999382019042969	-2.212333679199218750	-0.664062500000000000	-0.511962890625000000	0.946044921875000000	false
9.547424316406250000	0.318908691406250000	-2.285766601562500000	-0.664062500000000000	-0.511962890625000000	0.951416015625000000	false
9.531044960021972656	0.243616104125976562	-2.273702621459960938	-0.664306640625000000	-0.509765625000000000	0.954101562500000000	false
9.544372558593750000	0.242614746093750000	-2.299499511718750000	-0.664306640625000000	-0.509765625000000000	0.954101562500000000	false
9.590721130371093750	0.204062461853027344	-2.215814590454101562	-0.664062500000000000	-0.509765625000000000	0.948486328125000000	false
9.552001953125000000	0.329589843750000000	-2.250671386718750000	-0.666992187500000000	-0.509521484375000000	0.954345703125000000	false
9.505248069763183594	0.329995155334472656	-2.286791801452636719	-0.664550781250000000	-0.505126953125000000	0.953613281250000000	false
9.576416015625000000	0.080871582031250000	-2.284240722656250000	-0.667236328125000000	-0.502685546875000000	0.947998046875000000	false
9.589314460754394531	0.139689445495605469	-2.177906036376953125	-0.667480468750000000	-0.498046875000000000	0.956054687500000000	false
9.594726562500000000	0.126647949218750000	-2.172851562500000000	-0.670166015625000000	-0.495605468750000000	0.953125000000000000	false
9.546780586242675781	-0.040483474731445312	-2.292394638061523438	-0.670410156250000000	-0.493164062500000000	0.955810546875000000	false
9.580993652343750000	0.134277343750000000	-2.125549316406250000	-0.675781250000000000	-0.490722656250000000	0.953125000000000000	false
9.543514251708984375	0.052595138549804688	-2.199053764343261719	-0.675781250000000000	-0.488525390625000000	0.950195312500000000	false
9.539794921875000000	-0.146484375000000000	-2.189636230468750000	-0.678710937500000000	-0.483642578125000000	0.955322265625000000	false
9.599947929382324219	0.094413757324218750	-2.178263664245605469	-0.678955078125000000	-0.481445312500000000	0.955322265625000000	false
9.580993652343750000	0.050354003906250000	-2.099609375000000000	-0.678955078125000000	-0.481445312500000000	0.955322265625000000	false
9.590864181518554688	0.041437149047851562	-2.139306068420410156	-0.678955078125000000	-0.479003906250000000	0.952148437500000000	false
9.574890136718750000	0.070190429687500000	-2.127075195312500000	-0.678955078125000000	-0.479003906250000000	0.957763671875000000	false
9.583163261413574219	-0.034904479980468750	-2.090382575988769531	-0.679199218750000000	-0.476806640625000000	0.954833984375000000	false
9.576416015625000000	0.036621093750000000	-2.160644531250000000	-0.678955078125000000	-0.476806640625000000	0.952148437500000000	false
9.585738182067871094	-0.001478195190429688	-2.159857749938964844	-0.681640625000000000	-0.476806640625000000	0.955078125000000000	false
9.590148925781250000	0.022888183593750000	-2.142333984375000000	-0.681640625000000000	-0.476806640625000000	0.952148437500000000	false
9.586477279663085938	0.000286102294921875	-2.122163772583007812	-0.681640625000000000	-0.476806640625000000	0.955078125000000000	false
9.577941894531250000	0.015258789062500000	-2.133178710937500000	-0.681640625000000000	-0.479003906250000000	0.955078125000000000	false
9.594225883483886719	-0.011730194091796875	-2.152180671691894531	-0.678955078125000000	-0.476806640625000000	0.952148437500000000	false
9.587097167968750000	-0.056457519531250000	-2.105712890625000000	-0.681884765625000000	-0.476806640625000000	0.957763671875000000	false
9.596896171569824219	0.007486343383789062	-2.142477035522460938	-0.681640625000000000	-0.481445312500000000	0.955322265625000000	false
9.587097167968750000	-0.007629394531250000	-2.084350585937500000	-0.681396484375000000	-0.481445312500000000	0.949707031250000000	false
9.612560272216796875	-0.036907196044921875	-2.111506462097167969	-0.681396484375000000	-0.481445312500000000	0.952636718750000000	false
9.579467773437500000	0.051879882812500000	-2.104187011718750000	-0.684082031250000000	-0.481445312500000000	0.947265625000000000	false
9.590244293212890625	0.021052360534667969	-2.080798149108886719	-0.681396484375000000	-0.481445312500000000	0.949707031250000000	false
9.584045410156250000	0.042724609375000000	-2.052307128906250000	-0.684082031250000000	-0.481445312500000000	0.952880859375000000	false
9.595847129821777344	0.021004676818847656	-2.072381973266601562	-0.683837890625000000	-0.483642578125000000	0.947509765625000000	false
9.594726562500000000	0.036621093750000000	-2.108764648437500000	-0.681152343750000000	-0.486083984375000000	0.953125000000000000	false
9.573674201965332031	0.040793418884277344	-2.105069160461425781	-0.681152343750000000	-0.486083984375000000	0.953125000000000000	false
9.584045410156250000	0.028991699218750000	-2.102661132812500000	-0.681396484375000000	-0.483642578125000000	0.952880859375000000	false
9.584426879882812500	0.070381164550781250	-2.086424827575683594	-0.678710937500000000	-0.486083984375000000	0.952880859375000000	false
9.590148925781250000	0.083923339843750000	-2.116394042968750000	-0.681396484375000000	-0.483642578125000000	0.952880859375000000	false
9.575057029724121094	0.118041038513183594	-2.072238922119140625	-0.678710937500000000	-0.486083984375000000	0.952880859375000000	false
9.585571289062500000	0.070190429687500000	-2.183532714843750000	-0.681152343750000000	-0.488525390625000000	0.950439453125000000	false
9.577775001525878906	0.028467178344726562	-2.111864089965820312	-0.678466796875000000	-0.488525390625000000	0.947509765625000000	false
9.585571289062500000	0.108337402343750000	-2.148437500000000000	-0.678466796875000000	-0.488525390625000000	0.947509765625000000	false
9.587669372558593750	0.066781044006347656	-2.149581909179687500	-0.681152343750000000	-0.486083984375000000	0.953125000000000000	false
9.579467773437500000	0.080871582031250000	-2.131652832031250000	-0.678466796875000000	-0.490722656250000000	0.953369140625000000	false
9.586167335510253906	0.122666358947753906	-2.131247520446777344	-0.678466796875000000	-0.488525390625000000	0.953125000000000000	false
9.585571289062500000	0.097656250000000000	-2.133178710937500000	-0.678466796875000000	-0.488525390625000000	0.950195312500000000	false
9.572076797485351562	0.060820579528808594	-2.181673049926757812	-0.678222656250000000	-0.490722656250000000	0.950439453125000000	false
9.590148925781250000	0.012207031250000000	-2.169799804687500000	-0.678466796875000000	-0.490722656250000000	0.956054687500000000	false
9.570646286010742188	0.160145759582519531	-2.190232276916503906	-0.678222656250000000	-0.493164062500000000	0.953369140625000000	false
9.571838378906250000	0.054931640625000000	-2.195739746093750000	-0.678466796875000000	-0.488525390625000000	0.953125000000000000	false
9.563875198364257812	0.083565711975097656	-2.172994613647460938	-0.673095703125000000	-0.488525390625000000	0.949951171875000000	false
9.594726562500000000	0.099182128906250000	-2.198791503906250000	-0.675781250000000000	-0.488525390625000000	0.952880859375000000	false
9.577631950378417969	0.070238113403320312	-2.146768569946289062	-0.675781250000000000	-0.488525390625000000	0.952880859375000000	false
9.567260742187500000	0.090026855468750000	-2.153015136718750000	-0.678710937500000000	-0.486083984375000000	0.955566406250000000	false
9.588193893432617188	0.044631958007812500	-2.161002159118652344	-0.678222656250000000	-0.490722656250000000	0.950439453125000000	false
9.576416015625000000	0.161743164062500000	-2.178955078125000000	-0.678710937500000000	-0.486083984375000000	0.952880859375000000	false
9.585309028625488281	0.069117546081542969	-2.143549919128417969	-0.676025390625000000	-0.488525390625000000	0.955810546875000000	false
9.570312500000000000	0.115966796875000000	-2.168273925781250000	-0.676025390625000000	-0.486083984375000000	0.955566406250000000	false
9.579491615295410156	0.071167945861816406	-2.152967453002929688	-0.673339843750000000	-0.486328125000000000	0.949707031250000000	false
9.573364257812500000	0.102233886718750000	-2.119445800781250000	-0.673339843750000000	-0.486328125000000000	0.952636718750000000	false
9.576797485351562500	0.112915039062500000	-2.138400077819824219	-0.675781250000000000	-0.488525390625000000	0.952880859375000000	false
9.580993652343750000	0.042724609375000000	-2.156066894531250000	-0.676025390625000000	-0.483886718750000000	0.949707031250000000	false
9.580349922180175781	0.142693519592285156	-2.192449569702148438	-0.676025390625000000	-0.486083984375000000	0.955566406250000000	false
9.585571289062500000	0.105285644531250000	-2.162170410156250000	-0.676025390625000000	-0.486083984375000000	0.952636718750000000	false
9.558582305908203125	0.149297714233398438	-2.166652679443359375	-0.676025390625000000	-0.488525390625000000	0.955810546875000000	false
9.568786621093750000	0.149536132812500000	-2.165222167968750000	-0.673339843750000000	-0.486083984375000000	0.955322265625000000	false
9.601426124572753906	0.102305412292480469	-2.145028114318847656	-0.673095703125000000	-0.488525390625000000	0.952636718750000000	false
9.573364257812500000	0.180053710937500000	-2.165222167968750000	-0.670654296875000000	-0.488525390625000000	0.955322265625000000	false
9.592652320861816406	0.077009201049804688	-2.149605751037597656	-0.676025390625000000	-0.486083984375000000	0.955566406250000000	false
9.576416015625000000	0.077819824218750000	-2.163696289062500000	-0.676025390625000000	-0.486083984375000000	0.952636718750000000	false
9.565496444702148438	0.094223022460937500	-2.164959907531738281	-0.676025390625000000	-0.488525390625000000	0.955810546875000000	false
9.564208984375000000	0.132751464843750000	-2.140808105468750000	-0.675781250000000000	-0.488525390625000000	0.950195312500000000	false
9.569883346557617188	0.094842910766601562	-2.159667015075683594	-0.673339843750000000	-0.488525390625000000	0.955566406250000000	false
9.570312500000000000	0.114440917968750000	-2.145385742187500000	-0.676025390625000000	-0.488525390625000000	0.955810546875000000	false
9.574484825134277344	0.116920471191406250	-2.177882194519042969	-0.676025390625000000	-0.488525390625000000	0.958496093750000000	false
9.568786621093750000	0.056457519531250000	-2.160644531250000000	-0.676025390625000000	-0.486083984375000000	0.952636718750000000	false
9.586310386657714844	0.137901306152343750	-2.161169052124023438	-0.673095703125000000	-0.488525390625000000	0.952636718750000000	false
9.579467773437500000	0.105285644531250000	-2.172851562500000000	-0.676025390625000000	-0.486083984375000000	0.952636718750000000	false
9.556055068969726562	0.116372108459472656	-2.152562141418457031	-0.675781250000000000	-0.488525390625000000	0.952880859375000000	false
9.573364257812500000	0.131225585937500000	-2.134704589843750000	-0.675781250000000000	-0.488525390625000000	0.952880859375000000	false
9.574341773986816406	0.103712081909179688	-2.160334587097167969	-0.673339843750000000	-0.486328125000000000	0.949707031250000000	false
9.584045410156250000	0.074768066406250000	-2.146911621093750000	-0.673095703125000000	-0.488525390625000000	0.949951171875000000	false
9.571194648742675781	0.114822387695312500	-2.154493331909179688	-0.673095703125000000	-0.488525390625000000	0.952636718750000000	false
9.587097167968750000	0.144958496093750000	-2.149963378906250000	-0.675781250000000000	-0.488525390625000000	0.952880859375000000	false
9.572339057922363281	0.118851661682128906	-2.207970619201660156	-0.673095703125000000	-0.488525390625000000	0.952636718750000000	false
9.573364257812500000	0.105285644531250000	-2.195739746093750000	-0.673339843750000000	-0.486083984375000000	0.955322265625000000	false
9.567499160766601562	0.058031082153320312	-2.192378044128417969	-0.673339843750000000	-0.488525390625000000	0.958251953125000000	false
9.574890136718750000	0.131225585937500000	-2.174377441406250000	-0.673583984375000000	-0.483886718750000000	0.955078125000000000	false
9.577131271362304688	0.093889236450195312	-2.159857749938964844	-0.670654296875000000	-0.488525390625000000	0.952636718750000000	false
9.573364257812500000	0.099182128906250000	-2.166748046875000000	-0.676025390625000000	-0.486083984375000000	0.952636718750000000	false
9.577846527099609375	0.159692764282226562	-2.162742614746093750	-0.673339843750000000	-0.486083984375000000	0.958007812500000000	false
9.568786621093750000	0.088500976562500000	-2.189636230468750000	-0.673339843750000000	-0.486083984375000000	0.958007812500000000	false
9.568262100219726562	0.116944313049316406	-2.193570137023925781	-0.673339843750000000	-0.486328125000000000	0.952636718750000000	false
9.577941894531250000	0.109863281250000000	-2.162170410156250000	-0.673339843750000000	-0.486083984375000000	0.955322265625000000	false
9.580993652343750000	0.123596191406250000	-2.180480957031250000	-0.673339843750000000	-0.486083984375000000	0.958007812500000000	false
9.568929672241210938	0.077199935913085938	-2.214980125427246094	-0.673339843750000000	-0.486083984375000000	0.955322265625000000	false
9.574747085571289062	0.100255012512207031	-2.193570137023925781	-0.673339843750000000	-0.486328125000000000	0.952636718750000000	false
9.570312500000000000	0.103759765625000000	-2.217102050781250000	-0.673339843750000000	-0.486083984375000000	0.958007812500000000	false
9.575080871582031250	0.084614753723144531	-2.166652679443359375	-0.673583984375000000	-0.483886718750000000	0.960693359375000000	false
9.561157226562500000	0.100708007812500000	-2.265930175781250000	-0.670654296875000000	-0.486328125000000000	0.955078125000000000	false
9.560227394104003906	0.062966346740722656	-2.205872535705566406	-0.670654296875000000	-0.488525390625000000	0.955322265625000000	false
9.579467773437500000	0.119018554687500000	-2.244567871093750000	-0.673339843750000000	-0.488525390625000000	0.958251953125000000	false
9.576964378356933594	0.164794921875000000	-2.208542823791503906	-0.667968750000000000	-0.488525390625000000	0.958007812500000000	false
9.588623046875000000	0.196838378906250000	-2.207946777343750000	-0.670654296875000000	-0.490966796875000000	0.961181640625000000	false
9.562849998474121094	0.136566162109375000	-2.219676971435546875	-0.673095703125000000	-0.490966796875000000	0.958496093750000000	false
9.556579589843750000	0.059509277343750000	-2.273559570312500000	-0.670410156250000000	-0.493164062500000000	0.961425781250000000	false
9.568381309509277344	0.064134597778320312	-2.282691001892089844	-0.670654296875000000	-0.490966796875000000	0.961181640625000000	false
9.553527832031250000	0.144958496093750000	-2.169799804687500000	-0.667968750000000000	-0.490966796875000000	0.958251953125000000	false
9.575891494750976562	0.408840179443359375	-2.173542976379394531	-0.667968750000000000	-0.490966796875000000	0.958251953125000000	false
9.570312500000000000	0.373840332031250000	-2.180480957031250000	-0.667480468750000000	-0.495605468750000000	0.953125000000000000	false
9.560990333557128906	0.297117233276367188	-2.195477485656738281	-0.667968750000000000	-0.493164062500000000	0.961181640625000000	false
9.573364257812500000	0.282287597656250000	-2.259826660156250000	-0.665039062500000000	-0.493408203125000000	0.958251953125000000	false
9.566998481750488281	0.208187103271484375	-2.259564399719238281	-0.667968750000000000	-0.490966796875000000	0.955322265625000000	false
9.579467773437500000	0.169372558593750000	-2.250671386718750000	-0.667724609375000000	-0.493408203125000000	0.958496093750000000	false
9.567880630493164062	0.226020812988281250	-2.257442474365234375	-0.667968750000000000	-0.490966796875000000	0.960937500000000000	false
9.567260742187500000	0.154113769531250000	-2.227783203125000000	-0.670898437500000000	-0.488525390625000000	0.963623046875000000	false
9.560918807983398438	0.161767005920410156	-2.251100540161132812	-0.665283203125000000	-0.488769531250000000	0.957763671875000000	false
9.570312500000000000	0.140380859375000000	-2.253723144531250000	-0.665283203125000000	-0.488769531250000000	0.955078125000000000	false
9.579229354858398438	0.132465362548828125	-2.230906486511230469	-0.667968750000000000	-0.488525390625000000	0.958007812500000000	false
9.565734863281250000	0.190734863281250000	-2.207946777343750000	-0.667968750000000000	-0.488525390625000000	0.958007812500000000	false
9.574341773986816406	0.127959251403808594	-2.242708206176757812	-0.665283203125000000	-0.488769531250000000	0.955078125000000000	false
9.550476074218750000	0.129699707031250000	-2.215576171875000000	-0.667968750000000000	-0.488525390625000000	0.960693359375000000	false
9.556889533996582031	0.175070762634277344	-2.281761169433593750	-0.667968750000000000	-0.488525390625000000	0.958007812500000000	false
9.564208984375000000	0.132751464843750000	-2.177429199218750000	-0.667968750000000000	-0.488525390625000000	0.960693359375000000	false
9.572052955627441406	0.191712379455566406	-2.239441871643066406	-0.665283203125000000	-0.488769531250000000	0.955078125000000000	false
9.568786621093750000	0.120544433593750000	-2.178955078125000000	-0.667968750000000000	-0.488525390625000000	0.960693359375000000	false
9.559202194213867188	0.160312652587890625	-2.226901054382324219	-0.667968750000000000	-0.488525390625000000	0.958007812500000000	false
9.574890136718750000	0.143432617187500000	-2.227783203125000000	-0.665283203125000000	-0.488769531250000000	0.957763671875000000	false
9.555816650390625000	0.138640403747558594	-2.223634719848632812	-0.668212890625000000	-0.486328125000000000	0.960693359375000000	false
9.574890136718750000	0.181579589843750000	-2.239990234375000000	-0.667968750000000000	-0.488525390625000000	0.955322265625000000	false
9.568619728088378906	0.115704536437988281	-2.194976806640625000	-0.667968750000000000	-0.488525390625000000	0.955322265625000000	false
9.555053710937500000	0.198364257812500000	-2.255249023437500000	-0.667968750000000000	-0.488525390625000000	0.960693359375000000	false
9.564518928527832031	0.106668472290039062	-2.168655395507812500	-0.670654296875000000	-0.488525390625000000	0.960937500000000000	false
9.555053710937500000	0.137329101562500000	-2.243041992187500000	-0.670654296875000000	-0.486328125000000000	0.955078125000000000	false
9.578013420104980469	0.129699707031250000	-2.233767509460449219	-0.670654296875000000	-0.488525390625000000	0.955322265625000000	false
9.585571289062500000	0.152587890625000000	-2.230834960937500000	-0.670898437500000000	-0.486328125000000000	0.960693359375000000	false
9.568119049072265625	0.145435333251953125	-2.190589904785156250	-0.670654296875000000	-0.488525390625000000	0.958251953125000000	false
9.567260742187500000	0.120544433593750000	-2.188110351562500000	-0.667968750000000000	-0.488525390625000000	0.955322265625000000	false
9.571146965026855469	0.116515159606933594	-2.146363258361816406	-0.670654296875000000	-0.488525390625000000	0.958251953125000000	false
9.568786621093750000	0.146484375000000000	-2.194213867187500000	-0.670654296875000000	-0.488525390625000000	0.955322265625000000	false
9.569096565246582031	0.198841094970703125	-2.168011665344238281	-0.670654296875000000	-0.488525390625000000	0.955322265625000000	false
9.577941894531250000	0.163269042968750000	-2.166748046875000000	-0.670654296875000000	-0.488525390625000000	0.952636718750000000	false
9.591889381408691406	0.183248519897460938	-2.161455154418945312	-0.670654296875000000	-0.488525390625000000	0.955322265625000000	false
9.573364257812500000	0.173950195312500000	-2.149963378906250000	-0.673339843750000000	-0.488525390625000000	0.958251953125000000	false
9.579610824584960938	0.142574310302734375	-2.175641059875488281	-0.675781250000000000	-0.488525390625000000	0.952880859375000000	false
9.570312500000000000	0.167846679687500000	-2.160644531250000000	-0.670654296875000000	-0.488525390625000000	0.958251953125000000	false
9.582567214965820312	0.156998634338378906	-2.165269851684570312	-0.673095703125000000	-0.488525390625000000	0.952636718750000000	false